Opporutnity,Eligibility,Deadline ,City,Filter
Morgan Stanley Technology Analyst Program,Final year,,Mumbai,Industry
Machine Learning Internship,"1. are available for the work from home job/internship
2. can start the work from home job/internship between 13th Oct'23 and 17th Nov'23
3. are available for duration of 6 months
4. have relevant skills and interests",27 Oct' 23,Remote,Industry
AI Internship,"1. are available for full time (in-office) internship
2. can start the internship between 12th Oct'23 and 16th Nov'23
3. are available for duration of 6 months
4. are from or open to relocate to Gurgaon and neighboring cities
5. have relevant skills and interests",26 Oct' 23,Remote,Industry
General Adversarial Networks Intern at Across the Globe,"1. Skills needed: Computer Vision, Deep Learning, Machine Learning, Neural Networks 
 2. Are available for the work from home job/internship
3. Can start the work from home job/internship between 11th Oct'23 and 15th Nov'23
4. are available for duration of 6 months",25 Oct '23,Remote,Industry
https://internshala.com/internship/detail/software-development-internship-in-pune-mumbai-at-syncious-systems-private-limited1697447197,"1. are available for full time (in-office) internship
2. can start the internship between 16th Oct'23 and 20th Nov'23
3. are available for duration of 6 months
4. are from or open to relocate to Pune, Mumbai and neighboring cities
5. have relevant skills and interests",30 october '23,Gurgaon,Industry
https://uceap.universityofcalifornia.edu/programs/new-delhi-summer,"Min 2.5 CGPA Year So,Jr,Sr",,New Delhi,Industry
iOS Testing Intern at Across the Globe,"1. Skills required: Database testing, GUI testing, iOS, Manual Testing, Software Testing
2. Are available for the work from home job/internship

2. Can start the work from home job/internship between 14th Oct'23 and 18th Nov'23

3. Are available for duration of 6 months",28th Oct '23,Remote,Industry
https://in.indeed.com/q-computer-science-internships-jobs.html?vjk=afda438cd6eda86f,Bachelors,,Remote,Industry
Node.js Development Intern at Across the Globe,"1. Skills required: JavaScript. MongoDB, MySQL, Node.js
2. Available for the work from home job/internship

3. Can start the work from home job/internship between 11th Oct'23 and 15th Nov'23

4. Available for duration of 6 months",,Remote,Industry
Artificial Neural Networks Intern at Duke and Clyde Innovation Centre,"1. Skills required: C++, Python, Machine Learning, Deep Learning, NLP, Neural Networks, Unreal Engine
2. Available for the work from home job/internship
3. Can start the work from home job/internship between 17th Oct'23 and 21st Nov'23

4. Available for duration of 6 months",31 Oct '23,Remote,Industry
NLP/Deep Learning Intern at Anonimo,"1. Skills required: Deep Learning, NLP, Python
2. Are available for the work from home job/internship
3. Can start the work from home job/internship between 17th Oct'23 and 21st Nov'23
4. Are available for duration of 3 months",31 Oct '23,Remote,Industry
Data Science Intern at Letsintern.in,"1. Fluent in English
2. Desire to do web development",Not given,Remote,Industry
Backend Development at StreamMoney,"1. Skills required: Node.js
2. Are available for the work from home job/internship
 3. Can start the work from home job/internship between 5th Oct'23 and 9th Nov'23
 4. Are available for duration of 2 months",Ongoing,Remote,Industry
Junior Cybersecurity Specialist at TalentKompass,"1. Basic understanding of cybersecurity principles and practices
2. Familiarity with network protocols, firewalls, and security technologies
3. Excellent written and verbal communication skills in English
4. Ability to work independently and as part of a team
5. Strong analytical and problem-solving skills
6. Knowledge of various operating systems, including Windows, Linux, and macOS
7. Experience with cybersecurity tools, such as Wireshark or Metasploit, is a plus
8. Familiarity with programming languages, such as Python, is a plus",Ongoing,Remote,Industry
FullStack Dvl Intern,"1. are available for the work from home job/internship
2. can start the work from home job/internship between 18th Oct'23 and 22nd Nov'23
3. are available for duration of 3 months
4. have relevant skills and interests",1 Nov 2023,Remote,Industry
Machine Learning Internship Velozity ,"1. Experiment with the different algorithms on machine learning/deep learning about the use cases considered
2. Consider an algorithm and take a deeper look at their parameter
3. Take part in product development based on the needs",31st October 2023,Chennai,Industry
Software Intern (Frontend),"Currently pursuing a Bachelor’s degree in Computer Science, Software Engineering, or a related field.",,Hybrid Delhi NCR,Industry
AI and Machine Learning Intern Liamliang Digital Avenue private limited,"Bachelors or Masters in computer science, engineering, data science, applied mathematics, or equivalent. (must graduate)
",,Delhi NCR,Industry
Unity Game Developer Intern - job post Dhanadhipati Technologies LLP,"Enrolled in or recently graduated from a relevant degree program (Computer Science, Game Development, Interactive Media, etc.).",,Remote,Industry
https://geeksgod.com/summer-internships-2023-by-commscope/?utm_campaign=google_jobs_apply&utm_source=google_jobs_apply&utm_medium=organic,Actively pursuing a bachelor’s (upcoming juniors & seniors) or master’s or Ph.D ,,Noida,Industry
Deloitte A&A -Data Scientist - AI POD5,"Undergraduate degree in a quantitative field (computer science, engineering, mathematics, physics, machine learning, statistics)",,Banglore,Industry
Intern Web Developer - job post kaleidoskop,"Enrolled in or recently completed a relevant degree program (e.g., Computer Science, Web Development, Software Engineering, etc.).
",,Delhi/remote,Industry
Deep Learning Intern - job post Constems-AI,"Currently pursuing or recently completed a degree in Computer Science, ",,Noida,Industry
Internship Program - job post Outshine Solutions,"High Educational Grades
Software design & development, SAAS, SEO, Hosting or customer support experience
Excellent written and spoken English
Excellent Analytical abilities,
Incredible eye for detailing",,Noida,Industry
Frontend Development at Hooman Digital LLP,"1. Skills required: Animation, CSS, JavaScript, ReactJS, TypeScript
2. Can start the work from home job/internship between 22nd Oct'23 and 26th Nov'23
3. Are available for duration of 2 months
",5 Nov 2023,Remote,Industry
Machine Learning at Truefy,"1. Skills required: Computer Vision, Deep Learning, Machine Learning, NLP, Python, Selenium
2. Can start the work from home job/internship between 21st Oct'23 and 25th Nov'23
3. Are available for duration of 6 months",5 Nov 2023,Remote,Industry
SaaS Web Development at Zylu Business Solutions,"1. Skills required: CSS, HTML, Digital Marketing, Responsive Design, UI/UX Design, WordPress
2. Can start the work from home job/internship between 21st Oct'23 and 25th Nov'23
3. Are available for duration of 3 months",4 Nov 2023,Remote,Industry
Web Development at Eduminatti,"1. Skills required: Spoken and Written English Proficiency
2. Can start the work from home job/internship between 21st Oct'23 and 25th Nov'23
3. Are available for duration of 2 months",4 Nov 2023,Remote,Industry
Shopify and Web Development at AltaSierra,"1. Skills required: Spoken and Written English Proficiency, HTML, CSS
2. Can start the work from home job/internship between 21st Oct'23 and 25th Nov'23
3. Are available for duration of 2 months",4 Nov 2023,Remote,Industry
Webflow and Web Development at AltaSierra ,"1. Skills required: Spoken and Written English Proficiency, HTML, CSS, Webflow
2. Can start the work from home job/internship between 21st Oct'23 and 25th Nov'23
3. Are available for duration of 2 months",4 Nov 2023,Remote,Industry
AI Work at JMedia Corporation,"1. Skills required: Deep Learning, Machine Learning, NLP, Neural Networks
2. Can work from 10:30 am - 10:00 am Indian Standard Time (as the company is based outside of India & their local work timings are 12:00 am - 11:30 pm Central Standard Time)
3. Can start the work from home job/internship between 22nd Oct'23 and 26th Nov'23
4. Are available for duration of 6 months",5 Nov 2023,Remote,Industry
Software Development at TechWhoop,"1. Skills required: CSS, HTML, JavaScript, MySQL, Next.js, Node.js, Python, ReactJS
2. Can start the work from home job/internship between 20th Oct'23 and 24th Nov'23
3. Are available for duration of 1 month",3 Nov 2023,Remote,Industry
Game Development at Plattr Labs,"1. Skills required: Blender 3D, Unity, Unity Engine, C#
2. Can start the work from home job/internship between 19th Oct'23 and 23rd Nov'23
3. Are available for duration of 6 months",2 Nov 2023,Remote,Industry
Machine Learning at Velozity Global Solutions,"1. Skills required: Machine Learning, Deep Learning, Power BI, NLP, Data Science, Tableau, SAS Programming, SQL for Data Analytics, Clinical Trial Analysis and Reporting
2. Can start the work from home job/internship between 19th Oct'23 and 23rd Nov'23
3. Are available for duration of 2 months",2 Nov 2023,Remote,Industry
Software Development at Velozity Global Solutions,"1. Skills required: Java, JavaScript, MySQL
2.  Can start the work from home job/internship between 19th Oct'23 and 23rd Nov'23
3. Are available for duration of 3 months",2 Nov 2023,Remote,Industry
Artificial Intelligence and Machine Learning at Renub Research,"1. Skills required: Machine Learning, Deep Learning, Power BI, NLP, Data Science, Tableau, SAS Programming, SQL for Data Analytics, Clinical Trial Analysis and Reporting, AWS
2. Can start the work from home job/internship between 18th Oct'23 and 22nd Nov'23
3. Are available for duration of 3 months",1 Nov 2023,Remote,Industry
Data Annotation at KoiReader Technologies,"1. Skills required: Computer Vision, Image Processing
2. Can start the work from home job/internship between 18th Oct'23 and 22nd Nov'23
3. Are available for duration of 3 months",1 Nov 2023,Remote,Industry
"Machine Learning, Deep Learning and AI at Hooman Digital LLP","1. Skills required: AWS, APIs, Deep Learning, Docker, Flask, Machine Learning, NLP
2. Can start the work from home job/internship between 17th Oct'23 and 21st Nov'23
3. Are available for duration of 2 months",1 Nov 2023,Remote,Industry
React Native (Android/iOS) at Linked List Technologies LLP,"1. Skills required: MongoDB, Next.js, Node.js, ReactJS, ReactNative ",1 Nov 2023,Remote,Industry